,상품명,가격
1,[머거본] 견과류 꿀땅콩 135g x12캔,"27,900"
2,HBAF 허니버터 아몬드 210G (봉),"7,480"
3,[CJ직배송] 백설 면비빔용소스890G+제일제면소소면 900g X2개,"12,980"
4,오뚜기 옛날국수 소면 900g 3개 ,"13,500"
5,[CJ직배송]비비고 왕교자 1.05KG X 3개,"29,940"
6,오뚜기 옛날 자른 당면 300G,"3,980"
7,씨제이 행복한콩 국산콩 부침찌개 두부기획 300G*2,"5,280"
8,삼양 불닭볶음면 140G*5입,"4,680"
9,농심 신라면 120G*5입,"3,680"
10,오뚜기 진라면순한맛 120G*5입,"3,100"
11,오뚜기 부침가루 1KG,"2,950"
12,농심 보노 콘스프  18.6G*3,"2,280"
13,농심 보노 포르치니버섯스프 17.2G*3,"2,280"
14,오뚜기 크림스프 80G,"1,590"
15,농심 켈로그 콘푸로스트 600G,"6,590"
16,포스트 콘푸라이트 600g+코코볼 570g+사은품,"12,300"
17,오뚜기 간편미역국(즉석국) [(9.5gx5) x 10개](1박스),"29,900"
18,숙취해소/해장세트 큐원 상쾌환+오뚜기 간편북어국 x 5개입,"20,900"
19,오뚜기 3분 쇠고기 짜장 200G,"1,180"
20,오뚜기 3분 쇠고기 카레 200G,"1,180"
21,오뚜기 맛있는 오뚜기밥 210G*24입,"21,490"
22,오뚜기컵밥 춘천닭갈비3+오삼불고기3+황태콩나물국밥3+꿀스틱1개 (유통기한임박할인),"14,900"
23,오뚜기 컵밥 진짬뽕밥 6개,"19,800"
24,CJ 햇반 실속 210G*12,"12,980"
25,CJ 큰공기 햇반 300G*3,"7,980"
26,[CJ직배송] 햇반210g(3번들) X 6개,"29,880"
27,동원 양반죽 쇠고기죽287.5g 3개+야채죽287.5g 3개+전복죽287.5g 3개,"20,900"
28,동원 양반죽 쇠고기죽287.5g 3개+야채죽287.5g 3개+전복죽287.5g 3개,"20,900"
29,CJ 비비고 소고기죽 280G,"2,990"
30,CJ 비비고 전복죽 280G,"2,990"
31,농심 신라면 큰사발 114G,"1,030"
32,오뚜기 참깨 라면 큰컵 110G,"1,050"
33,팔도 왕뚜껑 110G,"1,000"
34,오뚜기 맛있는컵밥 제육덮밥 310G,"3,980"
35,CJ 햇반 컵반 미역국밥 167G,"3,990"
36,CJ 비비고 사골 곰탕 500G,"1,990"
37,오뚜기 옛날 사골곰탕 350g 8개+설렁탕 300g 6개+육개장 300g 6개,"23,900"
38,오리온 포카칩 오리지날 66G,"1,180"
39,농심 포테토칩오리지널대 125G,"2,300"
40,해태 아이비 크래커 270G,"3,590"
41,크라운 참크래커 280G,"3,480"
42,롯데푸드 돼지바 멀티 70ML*6,"3,600"
43,빙그레 메로나 멀티 75ML*8,"4,300"
44,농심 새우깡 90G,"1,020"
45,[롯데제과] 월드콘 바닐라160ml X12개+초코160ml X12개,"20,900"
46,오리온 닥터유에너지바(40g/15EA/갑)_N7144001,"18,900"
47,오리온 닥터유 에너지바 호두 4P 160G,"3,990"
48,농심켈로그 레드베리 에너지바 4P 100G,"4,090"
49,(1704370) 자유시간 아몬드 36gx24개,"20,600"
50,오리온 핫브레이크 미니 714G,"11,490"
51,롯데 몽쉘 크림케이크 384G,"4,790"
52,사조 살코기참치 150g 3개+고추참치 150g 3개+마일드참치 150g 3개+물티슈 ,"16,500"
53,오뚜기 마일드참치 100g 3입,"9,300"
54,샘표 양조간장 501 500ML,"4,490"
55,CJ 해찬들 우리 쌀 로만든 매운 태양초 골드 고추장 1KG,"15,990"
56,CJ 해찬들 재래식 된장 1KG,"8,000"
57,대상 청정원 프렌치 발사믹 드레싱 325G,"3,990"
58,대상 청정원 오리엔탈 드레싱 325G,"4,290"
59,대상 청정원 고소한 마요네즈 500G,"4,190"
60,CJ 백설 자일로스 갈색설탕 1KG,"4,190"
61,CJ 백설 자일로스 하얀설탕 1KG,"3,690"
62,삼양사 큐원 하얀설탕 1KG,"1,890"
63,대상 미원 맛소금 500G,"2,690"
64,해표 꽃소금 1KG,"1,390"
65,CJ 백설 식용유 1.5L,"6,700"
66,오뚜기 사과식초 900ML,"2,800"
67,대상 청정원 순창 양념듬뿍 쌈장 비닐 500G,"3,300"
68,CJ 해찬들 사계절 쌈장 500G,"4,700"
69,레몬품은 딸기잼 500gx1,"12,500"
70,CJ 진한 참기름 500ML,"6,490"
71,오뚜기 고소한 참기름 320ML,"9,290"
72,오뚜기 백세 카레 순한맛 100G,"2,990"
73,대상 청정원 카레여왕 구운 마늘 & 양파 108G,"3,490"
74,오뚜기 케찹 500G,"2,650"
75,대상 청정원 진한 토마토케찹 500G,"2,190"
76,정식품 베지밀 달콤한 검은콩B 190ML*16,"15,990"
77,[무료배송] 검은콩 달콤한 베지밀B 190ml*16입*4박스(총64입),"42,750"
78,아쿠아테라 세이프워터 수질중화제 500ml,"8,000"
79,광동제약 비타500 로열폴리스 120ML*10입,"12,000"
80,오로나민C(120mlX10개/BOX)_N7707310,"9,800"
81,코카콜라 스프라이트 제로 1.5L,"2,570"
82,롯데칠성 제로사이다+펩시블랙 1.5L*2,"3,990"
83,삼다수 그린(무라벨) 2L*6,"5,880"
84,삼다수 그린(무라벨) 500ML*20,"8,600"
85,CP 롯데칠성 아이시스 평화공원 산림수 2L*6,"5,280"
86,CP 아이시스 8.0 500ML*20,"7,000"
87,삼다수 그린(무라벨) 2L*6,"5,880"
88,삼다수 그린(무라벨) 500ML*20,"8,600"
89,레드불 화이트에디션 250mlx12캔,"22,400"
90,롯데칠성 핫식스 250ML*10,"8,600"
91,몬스터에너지 울트라 355ml × 24CAN,"34,900"
92,롯데칠성 게토레이 레몬 600ML,"1,190"
93,파워에이드 마운틴블라스트 520ml x 20PET,"21,480"
94,남양 몸이 가벼워지는 시간 17차 티백 80T (120G),"5,990"
95,동서 현미녹차 100T+동서 메밀차 100T,"13,800"
96,맥심 티오피(TOP) 마스터라떼 275ml 24입 2박스(총48입),"50,500"
97,매일 바리스타 콜드브루 블랙 325ML,"2,450"
98,(1701280) 아카페라 아메리카노 240mLx20개,"24,280"
99,동서식품 맥스웰 하우스 오리지날 180T (2124G),"15,900"
100,동서식품 카누 미니 마일드로스트 30T (27G),"8,390"
101,코카콜라 1.8L*2,"5,790"
102,롯데칠성 칠성사이다1.8L+펩시콜라1.8L,"4,790"
103,남양 떠먹는 불가리스딸기 85G*4,"2,980"
104,매일 바이오플레인 스위트 85G*4,"2,980"
105,남양 불가리스 자연의시작 사과 150ML*4,"4,980"
106,빙그레 오리지널 플레인 85G*4,"2,980"
107,남양 이오 요구르트 80ML*5,"2,180"
108,매일유업 앱솔루트 엄마의선물 명작3단계 800G*3입,"63,900"
109,남양유업 임페리얼드림 분유 XO WORLD CLASS 3단계 800G,"19,900"
110,일동후디스 프리미엄 산양분유 1단계 800G,"44,900"
111,서울 우유 1L,"2,710"
112,서울 체다 슬라이스치즈 400G,"6,600"
113,[동원] 덴마크 소와나무 고칼슘 치즈 ★270g★ 90매 (15매x6개),"30,900"
114, CJ 스팸 클래식200G*5 +스팸 25% 라이트200G,"17,990"
115,크린랩 50Mx22cmx4개 가정용랩 과일보관 대용량랩,"30,800"
116,크린랩30CMx50M(대) ,"12,600"
117,썬 부탄가스 220G*4입,"6,390"
118,피죤 무균무때 욕실용세정제 900ML,"6,900"
119,홈스타 락스와 세제 후로랄 파인(750ml)_N7669200,"6,200"
120,LG생활건강 홈스타 욕실용 세정제 900ML,"7,500"
121,에프킬라 에어로졸(무향) 500ML,"6,890"
122,컴배트 스피드에어로졸 500ML,"5,200"
123,홈키파 수성에어졸 500ML*3입,"10,900"
124,P&G 다우니 섬유유연제 엑스퍼트 실내건조 2L,"11,900"
125,피죤 NEW피죤 핑크로즈 기획팩 2.1L+2.1L,"5,900"
126,P&G 페브리즈 상쾌한향 용기 370ML,"6,500"
127,P&G 페브리즈상쾌한향용기 900ML,"9,900"
128,라이온 비트 트리플액션 일반 2.8L,"14,900"
129,애경 스파크 6kg 겸용세탁세제,"8,900"
130,LG생활건강 테크 베이킹소다 액체세제 (일반용) 3L,"17,900"
131,헨켈 퍼실파워젤액체세제(드럼용) 2.7L,"15,900"
132,헨켈 퍼실 파워젤 라벤더 액체세제 일반용 2.7L,"23,800"
133,홈플러스시그니처 숯제습제 3P,"2,990"
134,지퍼락 더블지퍼백 냉장(중형/20매)_N7665200,"3,300"
135,simplus 롤백(중) 25CMX35CMX200매,"2,790"
136,크린알뜰지퍼백 18cm X 20cm_50매_소,"4,800"
137,[LG생활건강]자연퐁솔잎DP490mLX3개,"11,900"
138,코디 안심 천연펄프 3겹 키친타월 스페셜 140매*6롤 1팩,"14,000"
139,하림펫푸드 밥이보약튼튼한관절 2KG,"23,800"
140,아모레 해피바스내추럴바디밀크(정말순한) 450ML,"9,900"
141,유한킴벌리 크리넥스 방역4단 마스크 KF94 대형 8입,"10,900"
142,도루코 PACE6STYLE면도날 4입,"16,900"
143,쉬크 하이드로5 프리미엄 면도날 8입,"39,900"
144,유니레버 도브 바디워시 뷰티너리싱 1KG,"11,900"
145,아모레 해피바스 에센스 바디워시 프로방스라벤더 900G,"11,900"
146,유니레버 도브 비누(뷰티바) 100G*4입,"7,900"
147,드봉비누(스위트로즈/100g×4개/LG생활건강)_N7200700,"6,200"
148,아모레 미쟝센퍼펙트세럼스타일링샴푸 680ML,"12,900"
149,[LG생활건강]엘라스틴모로칸아르간오일집중영양샴푸680MLX4개,"21,900"
150,애경 랩신 V3 센서티브 포밍핸드워시 250ML,"5,900"
151,아모레 미쟝센 쉽고빠른 거품새치염색약 3N 흑갈색 40G,"15,900"
152,아모레 메디안 치석케어 오리지널치약 3입 치약120G*3,"10,900"
153,LG 페리오 캐비티 케어 플러스 치약 130G*3입,"8,900"
154,P&G 오랄비 크로스액션 플라그가드 칫솔 40모 3입,"10,900"
155,동아제약 가그린오리지널 750ML,"7,500"
156,존슨앤존슨 리스테린 쿨민트 마일드 750ML,"8,390"
157,씨제이 더안심 무항생제 1등급 건강란 15구,"8,500"
158,풀무원 동물복지 유정란 10입,"7,990"
159,일품포크 돼지목심 100G/돼지고기(목살),"2,090"
160,일품포크 돼지삼겹살 100G/돼지고기,"2,090"
161,안심한우 등심(1+등급) 100G/소고기,"15,590"
162,안심한우 등심(1+등급) 100G/소고기,"15,590"
163,안심한우 설도(1+등급) 100G/소고기,"6,400"
164,안심한우 설도(1+등급) 100G/소고기,"6,400"
165,[대림선] 부산어묵마당놀이300g,"2,700"
166,[동원] 덴마크 짜지 않은 치즈 오리지널 252g 56매 (14매x4개),"22,900"
167,깨끗한나라 순수 시그니처 3겹 28m 30롤,"19,900"
